--------------------------------------------------------
--  File created - Thursday-January-24-2019   
--------------------------------------------------------
REM INSERTING into MARKETING.ASSIGNED_REQUIREMENTS
SET DEFINE OFF;
Insert into MARKETING.ASSIGNED_REQUIREMENTS (ID,DESCRIPTION,REGISTER_DATE,CUSTOMER_REQUIREMENT_ID,PERSONNEL_ID) values (1,null,to_timestamp('24-JAN-19 03.28.14.851000000 PM','DD-MON-RR HH.MI.SSXFF AM'),1,1);
REM INSERTING into MARKETING.ASSIGNED_REQUIREMENTS_STATUSES
SET DEFINE OFF;
Insert into MARKETING.ASSIGNED_REQUIREMENTS_STATUSES (ID,REGISTER_DATE,ASSIGNED_REQUIREMENT_ID,ASSIGNED_STATUS_TYPE_ID) values (1,to_timestamp('24-JAN-19 03.28.27.747000000 PM','DD-MON-RR HH.MI.SSXFF AM'),1,1);
REM INSERTING into MARKETING.ASSIGNED_STATUS_TYPES
SET DEFINE OFF;
Insert into MARKETING.ASSIGNED_STATUS_TYPES (ID,TYPE_NAME,TYPE_CODE) values (1,'تخصیص یافته به شعبه','AST1');
Insert into MARKETING.ASSIGNED_STATUS_TYPES (ID,TYPE_NAME,TYPE_CODE) values (2,'افتتاح حساب','AST2');
Insert into MARKETING.ASSIGNED_STATUS_TYPES (ID,TYPE_NAME,TYPE_CODE) values (3,'در انتظار کمیته وام','AST3');
Insert into MARKETING.ASSIGNED_STATUS_TYPES (ID,TYPE_NAME,TYPE_CODE) values (4,'صدور دسته چک','AST4');
REM INSERTING into MARKETING.ATTRACTION_TYPES
SET DEFINE OFF;
Insert into MARKETING.ATTRACTION_TYPES (ID,TYPE_NAME,TYPE_CODE) values (1,'بالقوه','AT1');
Insert into MARKETING.ATTRACTION_TYPES (ID,TYPE_NAME,TYPE_CODE) values (2,'بالفعل','AT2');
Insert into MARKETING.ATTRACTION_TYPES (ID,TYPE_NAME,TYPE_CODE) values (3,'در حال جذب','AT3');
REM INSERTING into MARKETING.ATTRACTIONS_STATUSES
SET DEFINE OFF;
REM INSERTING into MARKETING.BUSINESS_SCALES
SET DEFINE OFF;
Insert into MARKETING.BUSINESS_SCALES (ID,BUSINESS_SCALE_NAME) values (1,'شرکت بزرگ');
Insert into MARKETING.BUSINESS_SCALES (ID,BUSINESS_SCALE_NAME) values (2,'شرکت متوسط و کوچک');
Insert into MARKETING.BUSINESS_SCALES (ID,BUSINESS_SCALE_NAME) values (3,'موسسه غیردولتی');
Insert into MARKETING.BUSINESS_SCALES (ID,BUSINESS_SCALE_NAME) values (4,'نهاد دولتی');
Insert into MARKETING.BUSINESS_SCALES (ID,BUSINESS_SCALE_NAME) values (5,'مغازه بزرگ/کوچک');
Insert into MARKETING.BUSINESS_SCALES (ID,BUSINESS_SCALE_NAME) values (6,'ویلا/آپارتمان');
REM INSERTING into MARKETING.CONTACT_ROLES
SET DEFINE OFF;
Insert into MARKETING.CONTACT_ROLES (ID,CONTACT_ROLE_NAME) values (1,'مدیرعامل');
Insert into MARKETING.CONTACT_ROLES (ID,CONTACT_ROLE_NAME) values (2,'هیات مدیره');
Insert into MARKETING.CONTACT_ROLES (ID,CONTACT_ROLE_NAME) values (3,'معاون مالی');
Insert into MARKETING.CONTACT_ROLES (ID,CONTACT_ROLE_NAME) values (4,'معاون بازاریابی');
Insert into MARKETING.CONTACT_ROLES (ID,CONTACT_ROLE_NAME) values (5,'مدیریت');
Insert into MARKETING.CONTACT_ROLES (ID,CONTACT_ROLE_NAME) values (6,'مالک');
Insert into MARKETING.CONTACT_ROLES (ID,CONTACT_ROLE_NAME) values (7,'نماینده');
Insert into MARKETING.CONTACT_ROLES (ID,CONTACT_ROLE_NAME) values (8,'مدیرامور');
Insert into MARKETING.CONTACT_ROLES (ID,CONTACT_ROLE_NAME) values (9,'مدیرمالی');
Insert into MARKETING.CONTACT_ROLES (ID,CONTACT_ROLE_NAME) values (10,'سرپرستی');
Insert into MARKETING.CONTACT_ROLES (ID,CONTACT_ROLE_NAME) values (11,'رییس شعبه');
Insert into MARKETING.CONTACT_ROLES (ID,CONTACT_ROLE_NAME) values (12,'معاون شعبه');
REM INSERTING into MARKETING.CONTACT_TYPES
SET DEFINE OFF;
Insert into MARKETING.CONTACT_TYPES (ID,TYPE_CATEGORY,TYPE_NAME) values (1,0,'موبایل');
Insert into MARKETING.CONTACT_TYPES (ID,TYPE_CATEGORY,TYPE_NAME) values (2,0,'ثابت');
Insert into MARKETING.CONTACT_TYPES (ID,TYPE_CATEGORY,TYPE_NAME) values (3,0,'کار');
Insert into MARKETING.CONTACT_TYPES (ID,TYPE_CATEGORY,TYPE_NAME) values (4,0,'منزل');
Insert into MARKETING.CONTACT_TYPES (ID,TYPE_CATEGORY,TYPE_NAME) values (5,0,'فکس');
Insert into MARKETING.CONTACT_TYPES (ID,TYPE_CATEGORY,TYPE_NAME) values (6,1,'پست الکترونیک شخصی');
Insert into MARKETING.CONTACT_TYPES (ID,TYPE_CATEGORY,TYPE_NAME) values (7,1,'پست الکترونیک کاری');
Insert into MARKETING.CONTACT_TYPES (ID,TYPE_CATEGORY,TYPE_NAME) values (8,2,'تلگرام');
Insert into MARKETING.CONTACT_TYPES (ID,TYPE_CATEGORY,TYPE_NAME) values (9,2,'اینستاگرام');
Insert into MARKETING.CONTACT_TYPES (ID,TYPE_CATEGORY,TYPE_NAME) values (10,2,'فیسبوک');
Insert into MARKETING.CONTACT_TYPES (ID,TYPE_CATEGORY,TYPE_NAME) values (11,2,'توییتر');
Insert into MARKETING.CONTACT_TYPES (ID,TYPE_CATEGORY,TYPE_NAME) values (12,2,'واتس آپ');
REM INSERTING into MARKETING.CONTACTS_INFO
SET DEFINE OFF;
Insert into MARKETING.CONTACTS_INFO (ID,CONTACT_NAME,CUSTOMER_ID,CONTACT_ROLE_ID) values (2,'omid',1109,1);
Insert into MARKETING.CONTACTS_INFO (ID,CONTACT_NAME,CUSTOMER_ID,CONTACT_ROLE_ID) values (3,'omid',1110,3);
Insert into MARKETING.CONTACTS_INFO (ID,CONTACT_NAME,CUSTOMER_ID,CONTACT_ROLE_ID) values (4,'o',1110,1);
Insert into MARKETING.CONTACTS_INFO (ID,CONTACT_NAME,CUSTOMER_ID,CONTACT_ROLE_ID) values (5,'omid',1111,1);
Insert into MARKETING.CONTACTS_INFO (ID,CONTACT_NAME,CUSTOMER_ID,CONTACT_ROLE_ID) values (6,'omid',1112,1);
Insert into MARKETING.CONTACTS_INFO (ID,CONTACT_NAME,CUSTOMER_ID,CONTACT_ROLE_ID) values (7,'omid',1113,1);
Insert into MARKETING.CONTACTS_INFO (ID,CONTACT_NAME,CUSTOMER_ID,CONTACT_ROLE_ID) values (8,'omid',1118,1);
Insert into MARKETING.CONTACTS_INFO (ID,CONTACT_NAME,CUSTOMER_ID,CONTACT_ROLE_ID) values (9,'ali',1118,1);
Insert into MARKETING.CONTACTS_INFO (ID,CONTACT_NAME,CUSTOMER_ID,CONTACT_ROLE_ID) values (10,'koro',1118,1);
Insert into MARKETING.CONTACTS_INFO (ID,CONTACT_NAME,CUSTOMER_ID,CONTACT_ROLE_ID) values (11,'omid',1121,1);
Insert into MARKETING.CONTACTS_INFO (ID,CONTACT_NAME,CUSTOMER_ID,CONTACT_ROLE_ID) values (12,'hami',1121,1);
Insert into MARKETING.CONTACTS_INFO (ID,CONTACT_NAME,CUSTOMER_ID,CONTACT_ROLE_ID) values (13,'moha',1121,1);
Insert into MARKETING.CONTACTS_INFO (ID,CONTACT_NAME,CUSTOMER_ID,CONTACT_ROLE_ID) values (14,'mohamad ali',1121,6);
REM INSERTING into MARKETING.CONTACTS_INFO_DETAILS
SET DEFINE OFF;
Insert into MARKETING.CONTACTS_INFO_DETAILS (ID,CONTACT_DATA,CONTACT_INFO_ID,CONTACT_TYPE_ID) values (2,'0912',2,1);
Insert into MARKETING.CONTACTS_INFO_DETAILS (ID,CONTACT_DATA,CONTACT_INFO_ID,CONTACT_TYPE_ID) values (3,'09120139467',3,1);
Insert into MARKETING.CONTACTS_INFO_DETAILS (ID,CONTACT_DATA,CONTACT_INFO_ID,CONTACT_TYPE_ID) values (4,'omid.moradzadeh@#gmail.com',3,6);
Insert into MARKETING.CONTACTS_INFO_DETAILS (ID,CONTACT_DATA,CONTACT_INFO_ID,CONTACT_TYPE_ID) values (5,'11111',4,1);
Insert into MARKETING.CONTACTS_INFO_DETAILS (ID,CONTACT_DATA,CONTACT_INFO_ID,CONTACT_TYPE_ID) values (6,'email',4,6);
Insert into MARKETING.CONTACTS_INFO_DETAILS (ID,CONTACT_DATA,CONTACT_INFO_ID,CONTACT_TYPE_ID) values (7,'telegram',4,8);
Insert into MARKETING.CONTACTS_INFO_DETAILS (ID,CONTACT_DATA,CONTACT_INFO_ID,CONTACT_TYPE_ID) values (8,'0912',5,1);
Insert into MARKETING.CONTACTS_INFO_DETAILS (ID,CONTACT_DATA,CONTACT_INFO_ID,CONTACT_TYPE_ID) values (9,'0912',6,1);
Insert into MARKETING.CONTACTS_INFO_DETAILS (ID,CONTACT_DATA,CONTACT_INFO_ID,CONTACT_TYPE_ID) values (10,'09120139467',7,1);
Insert into MARKETING.CONTACTS_INFO_DETAILS (ID,CONTACT_DATA,CONTACT_INFO_ID,CONTACT_TYPE_ID) values (11,'omid.moradzadeh@gmail.com',7,6);
Insert into MARKETING.CONTACTS_INFO_DETAILS (ID,CONTACT_DATA,CONTACT_INFO_ID,CONTACT_TYPE_ID) values (12,'omid_moradzadeh',7,9);
Insert into MARKETING.CONTACTS_INFO_DETAILS (ID,CONTACT_DATA,CONTACT_INFO_ID,CONTACT_TYPE_ID) values (13,'0912',8,1);
Insert into MARKETING.CONTACTS_INFO_DETAILS (ID,CONTACT_DATA,CONTACT_INFO_ID,CONTACT_TYPE_ID) values (14,'0912',9,1);
Insert into MARKETING.CONTACTS_INFO_DETAILS (ID,CONTACT_DATA,CONTACT_INFO_ID,CONTACT_TYPE_ID) values (15,'ali@gmail.com',9,6);
Insert into MARKETING.CONTACTS_INFO_DETAILS (ID,CONTACT_DATA,CONTACT_INFO_ID,CONTACT_TYPE_ID) values (16,'ali',9,8);
Insert into MARKETING.CONTACTS_INFO_DETAILS (ID,CONTACT_DATA,CONTACT_INFO_ID,CONTACT_TYPE_ID) values (17,'0912',10,1);
Insert into MARKETING.CONTACTS_INFO_DETAILS (ID,CONTACT_DATA,CONTACT_INFO_ID,CONTACT_TYPE_ID) values (18,'korosh@gmail.com',10,6);
Insert into MARKETING.CONTACTS_INFO_DETAILS (ID,CONTACT_DATA,CONTACT_INFO_ID,CONTACT_TYPE_ID) values (19,'korosh',10,8);
Insert into MARKETING.CONTACTS_INFO_DETAILS (ID,CONTACT_DATA,CONTACT_INFO_ID,CONTACT_TYPE_ID) values (20,'0938',11,1);
REM INSERTING into MARKETING.CUSTOMERS
SET DEFINE OFF;
Insert into MARKETING.CUSTOMERS (ID,ANNUAL_INCOME,ECONOMIC_CODE,ECONOMIC_SECTION,DOC_STATUS,HEAD_COUNT,LEGAL,CUSTOMER_NAME,REGISTER_DATE,REGISTRATION_STATUS,USER_NAME,ATTRACTION_TYPE_ID,BUSINESS_SCALE_ID,ORGANIZATION_TYPE_ID,OWNERSHIP_TYPE_ID) values (1,null,null,'123',null,null,null,'koorosh01',to_timestamp('23-JAN-19 03.03.33.634000000 PM','DD-MON-RR HH.MI.SSXFF AM'),0,null,null,1,null,null);
Insert into MARKETING.CUSTOMERS (ID,ANNUAL_INCOME,ECONOMIC_CODE,ECONOMIC_SECTION,DOC_STATUS,HEAD_COUNT,LEGAL,CUSTOMER_NAME,REGISTER_DATE,REGISTRATION_STATUS,USER_NAME,ATTRACTION_TYPE_ID,BUSINESS_SCALE_ID,ORGANIZATION_TYPE_ID,OWNERSHIP_TYPE_ID) values (2,null,null,'1000',null,null,null,'omid',to_timestamp('23-JAN-19 03.37.50.912000000 PM','DD-MON-RR HH.MI.SSXFF AM'),0,null,null,1,null,null);
Insert into MARKETING.CUSTOMERS (ID,ANNUAL_INCOME,ECONOMIC_CODE,ECONOMIC_SECTION,DOC_STATUS,HEAD_COUNT,LEGAL,CUSTOMER_NAME,REGISTER_DATE,REGISTRATION_STATUS,USER_NAME,ATTRACTION_TYPE_ID,BUSINESS_SCALE_ID,ORGANIZATION_TYPE_ID,OWNERSHIP_TYPE_ID) values (3,null,null,'2000',null,null,null,'omid',to_timestamp('23-JAN-19 03.45.13.574000000 PM','DD-MON-RR HH.MI.SSXFF AM'),0,null,null,1,null,null);
Insert into MARKETING.CUSTOMERS (ID,ANNUAL_INCOME,ECONOMIC_CODE,ECONOMIC_SECTION,DOC_STATUS,HEAD_COUNT,LEGAL,CUSTOMER_NAME,REGISTER_DATE,REGISTRATION_STATUS,USER_NAME,ATTRACTION_TYPE_ID,BUSINESS_SCALE_ID,ORGANIZATION_TYPE_ID,OWNERSHIP_TYPE_ID) values (4,null,null,'1000',null,null,null,'omid',to_timestamp('23-JAN-19 03.46.11.265000000 PM','DD-MON-RR HH.MI.SSXFF AM'),0,null,null,1,null,null);
Insert into MARKETING.CUSTOMERS (ID,ANNUAL_INCOME,ECONOMIC_CODE,ECONOMIC_SECTION,DOC_STATUS,HEAD_COUNT,LEGAL,CUSTOMER_NAME,REGISTER_DATE,REGISTRATION_STATUS,USER_NAME,ATTRACTION_TYPE_ID,BUSINESS_SCALE_ID,ORGANIZATION_TYPE_ID,OWNERSHIP_TYPE_ID) values (5,null,null,'1000',null,null,null,'omid',to_timestamp('23-JAN-19 03.47.40.090000000 PM','DD-MON-RR HH.MI.SSXFF AM'),0,null,null,1,null,null);
Insert into MARKETING.CUSTOMERS (ID,ANNUAL_INCOME,ECONOMIC_CODE,ECONOMIC_SECTION,DOC_STATUS,HEAD_COUNT,LEGAL,CUSTOMER_NAME,REGISTER_DATE,REGISTRATION_STATUS,USER_NAME,ATTRACTION_TYPE_ID,BUSINESS_SCALE_ID,ORGANIZATION_TYPE_ID,OWNERSHIP_TYPE_ID) values (6,null,null,'1',null,null,null,'omid',to_timestamp('23-JAN-19 04.45.09.768000000 PM','DD-MON-RR HH.MI.SSXFF AM'),0,null,null,1,null,null);
Insert into MARKETING.CUSTOMERS (ID,ANNUAL_INCOME,ECONOMIC_CODE,ECONOMIC_SECTION,DOC_STATUS,HEAD_COUNT,LEGAL,CUSTOMER_NAME,REGISTER_DATE,REGISTRATION_STATUS,USER_NAME,ATTRACTION_TYPE_ID,BUSINESS_SCALE_ID,ORGANIZATION_TYPE_ID,OWNERSHIP_TYPE_ID) values (7,null,null,'100',null,null,null,'omidd',to_timestamp('23-JAN-19 04.47.58.141000000 PM','DD-MON-RR HH.MI.SSXFF AM'),0,null,null,1,null,null);
Insert into MARKETING.CUSTOMERS (ID,ANNUAL_INCOME,ECONOMIC_CODE,ECONOMIC_SECTION,DOC_STATUS,HEAD_COUNT,LEGAL,CUSTOMER_NAME,REGISTER_DATE,REGISTRATION_STATUS,USER_NAME,ATTRACTION_TYPE_ID,BUSINESS_SCALE_ID,ORGANIZATION_TYPE_ID,OWNERSHIP_TYPE_ID) values (8,null,null,'1000',null,null,null,'omidd',to_timestamp('23-JAN-19 04.50.04.679000000 PM','DD-MON-RR HH.MI.SSXFF AM'),0,null,null,2,null,null);
Insert into MARKETING.CUSTOMERS (ID,ANNUAL_INCOME,ECONOMIC_CODE,ECONOMIC_SECTION,DOC_STATUS,HEAD_COUNT,LEGAL,CUSTOMER_NAME,REGISTER_DATE,REGISTRATION_STATUS,USER_NAME,ATTRACTION_TYPE_ID,BUSINESS_SCALE_ID,ORGANIZATION_TYPE_ID,OWNERSHIP_TYPE_ID) values (9,null,null,'111',null,null,null,'omid',to_timestamp('23-JAN-19 04.51.41.767000000 PM','DD-MON-RR HH.MI.SSXFF AM'),0,null,null,1,null,null);
Insert into MARKETING.CUSTOMERS (ID,ANNUAL_INCOME,ECONOMIC_CODE,ECONOMIC_SECTION,DOC_STATUS,HEAD_COUNT,LEGAL,CUSTOMER_NAME,REGISTER_DATE,REGISTRATION_STATUS,USER_NAME,ATTRACTION_TYPE_ID,BUSINESS_SCALE_ID,ORGANIZATION_TYPE_ID,OWNERSHIP_TYPE_ID) values (10,null,null,'100',null,null,null,'omid',to_timestamp('23-JAN-19 04.52.44.014000000 PM','DD-MON-RR HH.MI.SSXFF AM'),0,null,null,1,null,null);
Insert into MARKETING.CUSTOMERS (ID,ANNUAL_INCOME,ECONOMIC_CODE,ECONOMIC_SECTION,DOC_STATUS,HEAD_COUNT,LEGAL,CUSTOMER_NAME,REGISTER_DATE,REGISTRATION_STATUS,USER_NAME,ATTRACTION_TYPE_ID,BUSINESS_SCALE_ID,ORGANIZATION_TYPE_ID,OWNERSHIP_TYPE_ID) values (11,null,null,'1111',null,null,null,'omid',to_timestamp('23-JAN-19 05.56.15.963000000 PM','DD-MON-RR HH.MI.SSXFF AM'),0,null,null,1,null,null);
Insert into MARKETING.CUSTOMERS (ID,ANNUAL_INCOME,ECONOMIC_CODE,ECONOMIC_SECTION,DOC_STATUS,HEAD_COUNT,LEGAL,CUSTOMER_NAME,REGISTER_DATE,REGISTRATION_STATUS,USER_NAME,ATTRACTION_TYPE_ID,BUSINESS_SCALE_ID,ORGANIZATION_TYPE_ID,OWNERSHIP_TYPE_ID) values (952,123344,null,'123',null,12,null,'koorosh01',to_timestamp('24-JAN-19 11.35.25.747000000 AM','DD-MON-RR HH.MI.SSXFF AM'),1,null,null,1,1,1);
Insert into MARKETING.CUSTOMERS (ID,ANNUAL_INCOME,ECONOMIC_CODE,ECONOMIC_SECTION,DOC_STATUS,HEAD_COUNT,LEGAL,CUSTOMER_NAME,REGISTER_DATE,REGISTRATION_STATUS,USER_NAME,ATTRACTION_TYPE_ID,BUSINESS_SCALE_ID,ORGANIZATION_TYPE_ID,OWNERSHIP_TYPE_ID) values (953,null,null,'1111',null,null,null,'omidddd',to_timestamp('24-JAN-19 11.38.51.942000000 AM','DD-MON-RR HH.MI.SSXFF AM'),0,null,null,1,null,null);
Insert into MARKETING.CUSTOMERS (ID,ANNUAL_INCOME,ECONOMIC_CODE,ECONOMIC_SECTION,DOC_STATUS,HEAD_COUNT,LEGAL,CUSTOMER_NAME,REGISTER_DATE,REGISTRATION_STATUS,USER_NAME,ATTRACTION_TYPE_ID,BUSINESS_SCALE_ID,ORGANIZATION_TYPE_ID,OWNERSHIP_TYPE_ID) values (954,null,null,'0001',null,null,null,'omid',to_timestamp('24-JAN-19 11.48.16.202000000 AM','DD-MON-RR HH.MI.SSXFF AM'),0,null,null,1,null,null);
Insert into MARKETING.CUSTOMERS (ID,ANNUAL_INCOME,ECONOMIC_CODE,ECONOMIC_SECTION,DOC_STATUS,HEAD_COUNT,LEGAL,CUSTOMER_NAME,REGISTER_DATE,REGISTRATION_STATUS,USER_NAME,ATTRACTION_TYPE_ID,BUSINESS_SCALE_ID,ORGANIZATION_TYPE_ID,OWNERSHIP_TYPE_ID) values (955,null,null,'1000',null,null,null,'omidd',to_timestamp('24-JAN-19 11.51.08.457000000 AM','DD-MON-RR HH.MI.SSXFF AM'),0,null,null,1,null,null);
Insert into MARKETING.CUSTOMERS (ID,ANNUAL_INCOME,ECONOMIC_CODE,ECONOMIC_SECTION,DOC_STATUS,HEAD_COUNT,LEGAL,CUSTOMER_NAME,REGISTER_DATE,REGISTRATION_STATUS,USER_NAME,ATTRACTION_TYPE_ID,BUSINESS_SCALE_ID,ORGANIZATION_TYPE_ID,OWNERSHIP_TYPE_ID) values (956,null,null,'1000',null,null,null,'omid',to_timestamp('24-JAN-19 11.54.57.790000000 AM','DD-MON-RR HH.MI.SSXFF AM'),0,null,null,1,null,null);
Insert into MARKETING.CUSTOMERS (ID,ANNUAL_INCOME,ECONOMIC_CODE,ECONOMIC_SECTION,DOC_STATUS,HEAD_COUNT,LEGAL,CUSTOMER_NAME,REGISTER_DATE,REGISTRATION_STATUS,USER_NAME,ATTRACTION_TYPE_ID,BUSINESS_SCALE_ID,ORGANIZATION_TYPE_ID,OWNERSHIP_TYPE_ID) values (957,null,null,'111',null,null,null,'omid',to_timestamp('24-JAN-19 11.58.06.233000000 AM','DD-MON-RR HH.MI.SSXFF AM'),0,null,null,1,null,null);
Insert into MARKETING.CUSTOMERS (ID,ANNUAL_INCOME,ECONOMIC_CODE,ECONOMIC_SECTION,DOC_STATUS,HEAD_COUNT,LEGAL,CUSTOMER_NAME,REGISTER_DATE,REGISTRATION_STATUS,USER_NAME,ATTRACTION_TYPE_ID,BUSINESS_SCALE_ID,ORGANIZATION_TYPE_ID,OWNERSHIP_TYPE_ID) values (1002,123344,'1221','23233',null,12,1,'koorosh01',to_timestamp('24-JAN-19 12.25.59.465000000 PM','DD-MON-RR HH.MI.SSXFF AM'),1,null,null,1,1,1);
Insert into MARKETING.CUSTOMERS (ID,ANNUAL_INCOME,ECONOMIC_CODE,ECONOMIC_SECTION,DOC_STATUS,HEAD_COUNT,LEGAL,CUSTOMER_NAME,REGISTER_DATE,REGISTRATION_STATUS,USER_NAME,ATTRACTION_TYPE_ID,BUSINESS_SCALE_ID,ORGANIZATION_TYPE_ID,OWNERSHIP_TYPE_ID) values (1003,4,'2','1',null,3,0,'omid',to_timestamp('24-JAN-19 12.29.03.990000000 PM','DD-MON-RR HH.MI.SSXFF AM'),1,null,null,1,1,1);
Insert into MARKETING.CUSTOMERS (ID,ANNUAL_INCOME,ECONOMIC_CODE,ECONOMIC_SECTION,DOC_STATUS,HEAD_COUNT,LEGAL,CUSTOMER_NAME,REGISTER_DATE,REGISTRATION_STATUS,USER_NAME,ATTRACTION_TYPE_ID,BUSINESS_SCALE_ID,ORGANIZATION_TYPE_ID,OWNERSHIP_TYPE_ID) values (1004,1111,'111','111',null,111,0,'omid',to_timestamp('24-JAN-19 12.30.51.053000000 PM','DD-MON-RR HH.MI.SSXFF AM'),1,null,null,1,1,1);
Insert into MARKETING.CUSTOMERS (ID,ANNUAL_INCOME,ECONOMIC_CODE,ECONOMIC_SECTION,DOC_STATUS,HEAD_COUNT,LEGAL,CUSTOMER_NAME,REGISTER_DATE,REGISTRATION_STATUS,USER_NAME,ATTRACTION_TYPE_ID,BUSINESS_SCALE_ID,ORGANIZATION_TYPE_ID,OWNERSHIP_TYPE_ID) values (1005,null,null,'1111',null,null,0,'omid',to_timestamp('24-JAN-19 12.33.25.623000000 PM','DD-MON-RR HH.MI.SSXFF AM'),0,null,null,1,null,null);
Insert into MARKETING.CUSTOMERS (ID,ANNUAL_INCOME,ECONOMIC_CODE,ECONOMIC_SECTION,DOC_STATUS,HEAD_COUNT,LEGAL,CUSTOMER_NAME,REGISTER_DATE,REGISTRATION_STATUS,USER_NAME,ATTRACTION_TYPE_ID,BUSINESS_SCALE_ID,ORGANIZATION_TYPE_ID,OWNERSHIP_TYPE_ID) values (1006,111,'111','111',null,111,0,'omid',to_timestamp('24-JAN-19 12.34.37.888000000 PM','DD-MON-RR HH.MI.SSXFF AM'),1,null,null,1,1,1);
Insert into MARKETING.CUSTOMERS (ID,ANNUAL_INCOME,ECONOMIC_CODE,ECONOMIC_SECTION,DOC_STATUS,HEAD_COUNT,LEGAL,CUSTOMER_NAME,REGISTER_DATE,REGISTRATION_STATUS,USER_NAME,ATTRACTION_TYPE_ID,BUSINESS_SCALE_ID,ORGANIZATION_TYPE_ID,OWNERSHIP_TYPE_ID) values (1007,333,'111','111',null,222,0,'omid',to_timestamp('24-JAN-19 12.38.00.746000000 PM','DD-MON-RR HH.MI.SSXFF AM'),1,null,null,1,1,1);
Insert into MARKETING.CUSTOMERS (ID,ANNUAL_INCOME,ECONOMIC_CODE,ECONOMIC_SECTION,DOC_STATUS,HEAD_COUNT,LEGAL,CUSTOMER_NAME,REGISTER_DATE,REGISTRATION_STATUS,USER_NAME,ATTRACTION_TYPE_ID,BUSINESS_SCALE_ID,ORGANIZATION_TYPE_ID,OWNERSHIP_TYPE_ID) values (1008,111,'1111',null,null,11111,0,null,to_timestamp('24-JAN-19 01.33.17.076000000 PM','DD-MON-RR HH.MI.SSXFF AM'),1,null,null,1,1,1);
Insert into MARKETING.CUSTOMERS (ID,ANNUAL_INCOME,ECONOMIC_CODE,ECONOMIC_SECTION,DOC_STATUS,HEAD_COUNT,LEGAL,CUSTOMER_NAME,REGISTER_DATE,REGISTRATION_STATUS,USER_NAME,ATTRACTION_TYPE_ID,BUSINESS_SCALE_ID,ORGANIZATION_TYPE_ID,OWNERSHIP_TYPE_ID) values (1009,null,null,'1111',null,null,0,'fgfdg',to_timestamp('24-JAN-19 01.33.51.545000000 PM','DD-MON-RR HH.MI.SSXFF AM'),0,null,null,1,null,null);
Insert into MARKETING.CUSTOMERS (ID,ANNUAL_INCOME,ECONOMIC_CODE,ECONOMIC_SECTION,DOC_STATUS,HEAD_COUNT,LEGAL,CUSTOMER_NAME,REGISTER_DATE,REGISTRATION_STATUS,USER_NAME,ATTRACTION_TYPE_ID,BUSINESS_SCALE_ID,ORGANIZATION_TYPE_ID,OWNERSHIP_TYPE_ID) values (1010,null,null,'1',null,null,0,'omid',to_timestamp('24-JAN-19 01.36.00.011000000 PM','DD-MON-RR HH.MI.SSXFF AM'),0,null,null,1,null,null);
Insert into MARKETING.CUSTOMERS (ID,ANNUAL_INCOME,ECONOMIC_CODE,ECONOMIC_SECTION,DOC_STATUS,HEAD_COUNT,LEGAL,CUSTOMER_NAME,REGISTER_DATE,REGISTRATION_STATUS,USER_NAME,ATTRACTION_TYPE_ID,BUSINESS_SCALE_ID,ORGANIZATION_TYPE_ID,OWNERSHIP_TYPE_ID) values (1011,null,null,'111',null,null,0,'fdgd',to_timestamp('24-JAN-19 01.36.36.992000000 PM','DD-MON-RR HH.MI.SSXFF AM'),0,null,null,1,null,null);
Insert into MARKETING.CUSTOMERS (ID,ANNUAL_INCOME,ECONOMIC_CODE,ECONOMIC_SECTION,DOC_STATUS,HEAD_COUNT,LEGAL,CUSTOMER_NAME,REGISTER_DATE,REGISTRATION_STATUS,USER_NAME,ATTRACTION_TYPE_ID,BUSINESS_SCALE_ID,ORGANIZATION_TYPE_ID,OWNERSHIP_TYPE_ID) values (1012,null,null,'11',null,null,0,'dfsfds',to_timestamp('24-JAN-19 01.38.13.324000000 PM','DD-MON-RR HH.MI.SSXFF AM'),0,null,null,1,null,null);
Insert into MARKETING.CUSTOMERS (ID,ANNUAL_INCOME,ECONOMIC_CODE,ECONOMIC_SECTION,DOC_STATUS,HEAD_COUNT,LEGAL,CUSTOMER_NAME,REGISTER_DATE,REGISTRATION_STATUS,USER_NAME,ATTRACTION_TYPE_ID,BUSINESS_SCALE_ID,ORGANIZATION_TYPE_ID,OWNERSHIP_TYPE_ID) values (1013,null,null,'433',null,null,0,'fdgdf',to_timestamp('24-JAN-19 01.38.56.343000000 PM','DD-MON-RR HH.MI.SSXFF AM'),0,null,null,1,null,null);
Insert into MARKETING.CUSTOMERS (ID,ANNUAL_INCOME,ECONOMIC_CODE,ECONOMIC_SECTION,DOC_STATUS,HEAD_COUNT,LEGAL,CUSTOMER_NAME,REGISTER_DATE,REGISTRATION_STATUS,USER_NAME,ATTRACTION_TYPE_ID,BUSINESS_SCALE_ID,ORGANIZATION_TYPE_ID,OWNERSHIP_TYPE_ID) values (1014,null,null,'1111',null,null,0,'omid',to_timestamp('24-JAN-19 01.46.13.845000000 PM','DD-MON-RR HH.MI.SSXFF AM'),0,null,null,1,null,null);
Insert into MARKETING.CUSTOMERS (ID,ANNUAL_INCOME,ECONOMIC_CODE,ECONOMIC_SECTION,DOC_STATUS,HEAD_COUNT,LEGAL,CUSTOMER_NAME,REGISTER_DATE,REGISTRATION_STATUS,USER_NAME,ATTRACTION_TYPE_ID,BUSINESS_SCALE_ID,ORGANIZATION_TYPE_ID,OWNERSHIP_TYPE_ID) values (1015,null,null,'1',null,null,0,'dsfdsf',to_timestamp('24-JAN-19 01.47.50.859000000 PM','DD-MON-RR HH.MI.SSXFF AM'),0,null,null,1,null,null);
Insert into MARKETING.CUSTOMERS (ID,ANNUAL_INCOME,ECONOMIC_CODE,ECONOMIC_SECTION,DOC_STATUS,HEAD_COUNT,LEGAL,CUSTOMER_NAME,REGISTER_DATE,REGISTRATION_STATUS,USER_NAME,ATTRACTION_TYPE_ID,BUSINESS_SCALE_ID,ORGANIZATION_TYPE_ID,OWNERSHIP_TYPE_ID) values (1016,null,null,'11',null,null,0,'fdsfds',to_timestamp('24-JAN-19 01.49.20.663000000 PM','DD-MON-RR HH.MI.SSXFF AM'),0,null,null,1,null,null);
Insert into MARKETING.CUSTOMERS (ID,ANNUAL_INCOME,ECONOMIC_CODE,ECONOMIC_SECTION,DOC_STATUS,HEAD_COUNT,LEGAL,CUSTOMER_NAME,REGISTER_DATE,REGISTRATION_STATUS,USER_NAME,ATTRACTION_TYPE_ID,BUSINESS_SCALE_ID,ORGANIZATION_TYPE_ID,OWNERSHIP_TYPE_ID) values (1017,null,null,'1',null,null,0,'fdsfds',to_timestamp('24-JAN-19 01.51.09.981000000 PM','DD-MON-RR HH.MI.SSXFF AM'),0,null,null,1,null,null);
Insert into MARKETING.CUSTOMERS (ID,ANNUAL_INCOME,ECONOMIC_CODE,ECONOMIC_SECTION,DOC_STATUS,HEAD_COUNT,LEGAL,CUSTOMER_NAME,REGISTER_DATE,REGISTRATION_STATUS,USER_NAME,ATTRACTION_TYPE_ID,BUSINESS_SCALE_ID,ORGANIZATION_TYPE_ID,OWNERSHIP_TYPE_ID) values (1018,null,null,'11',null,null,0,'dsfds',to_timestamp('24-JAN-19 01.52.57.438000000 PM','DD-MON-RR HH.MI.SSXFF AM'),0,null,null,1,null,null);
Insert into MARKETING.CUSTOMERS (ID,ANNUAL_INCOME,ECONOMIC_CODE,ECONOMIC_SECTION,DOC_STATUS,HEAD_COUNT,LEGAL,CUSTOMER_NAME,REGISTER_DATE,REGISTRATION_STATUS,USER_NAME,ATTRACTION_TYPE_ID,BUSINESS_SCALE_ID,ORGANIZATION_TYPE_ID,OWNERSHIP_TYPE_ID) values (1019,null,null,'5',null,null,0,'fgdgfd',to_timestamp('24-JAN-19 01.54.34.641000000 PM','DD-MON-RR HH.MI.SSXFF AM'),0,null,null,1,null,null);
Insert into MARKETING.CUSTOMERS (ID,ANNUAL_INCOME,ECONOMIC_CODE,ECONOMIC_SECTION,DOC_STATUS,HEAD_COUNT,LEGAL,CUSTOMER_NAME,REGISTER_DATE,REGISTRATION_STATUS,USER_NAME,ATTRACTION_TYPE_ID,BUSINESS_SCALE_ID,ORGANIZATION_TYPE_ID,OWNERSHIP_TYPE_ID) values (1020,455,'454545','5454',null,545,0,'fgfd',to_timestamp('24-JAN-19 01.55.15.882000000 PM','DD-MON-RR HH.MI.SSXFF AM'),1,null,null,1,1,1);
Insert into MARKETING.CUSTOMERS (ID,ANNUAL_INCOME,ECONOMIC_CODE,ECONOMIC_SECTION,DOC_STATUS,HEAD_COUNT,LEGAL,CUSTOMER_NAME,REGISTER_DATE,REGISTRATION_STATUS,USER_NAME,ATTRACTION_TYPE_ID,BUSINESS_SCALE_ID,ORGANIZATION_TYPE_ID,OWNERSHIP_TYPE_ID) values (1021,1,'1','1',null,1,0,'omid',to_timestamp('24-JAN-19 02.08.21.739000000 PM','DD-MON-RR HH.MI.SSXFF AM'),1,null,null,1,1,1);
Insert into MARKETING.CUSTOMERS (ID,ANNUAL_INCOME,ECONOMIC_CODE,ECONOMIC_SECTION,DOC_STATUS,HEAD_COUNT,LEGAL,CUSTOMER_NAME,REGISTER_DATE,REGISTRATION_STATUS,USER_NAME,ATTRACTION_TYPE_ID,BUSINESS_SCALE_ID,ORGANIZATION_TYPE_ID,OWNERSHIP_TYPE_ID) values (1022,1,'1','1',null,1,0,'1',to_timestamp('24-JAN-19 02.10.58.445000000 PM','DD-MON-RR HH.MI.SSXFF AM'),1,null,null,1,1,1);
Insert into MARKETING.CUSTOMERS (ID,ANNUAL_INCOME,ECONOMIC_CODE,ECONOMIC_SECTION,DOC_STATUS,HEAD_COUNT,LEGAL,CUSTOMER_NAME,REGISTER_DATE,REGISTRATION_STATUS,USER_NAME,ATTRACTION_TYPE_ID,BUSINESS_SCALE_ID,ORGANIZATION_TYPE_ID,OWNERSHIP_TYPE_ID) values (1023,1,'1','1',null,1,0,'fgdsafsa',to_timestamp('24-JAN-19 02.11.43.544000000 PM','DD-MON-RR HH.MI.SSXFF AM'),1,null,null,1,1,1);
Insert into MARKETING.CUSTOMERS (ID,ANNUAL_INCOME,ECONOMIC_CODE,ECONOMIC_SECTION,DOC_STATUS,HEAD_COUNT,LEGAL,CUSTOMER_NAME,REGISTER_DATE,REGISTRATION_STATUS,USER_NAME,ATTRACTION_TYPE_ID,BUSINESS_SCALE_ID,ORGANIZATION_TYPE_ID,OWNERSHIP_TYPE_ID) values (1024,1,'1','1',null,1,0,'gfhgh',to_timestamp('24-JAN-19 02.15.18.961000000 PM','DD-MON-RR HH.MI.SSXFF AM'),1,null,null,1,1,1);
Insert into MARKETING.CUSTOMERS (ID,ANNUAL_INCOME,ECONOMIC_CODE,ECONOMIC_SECTION,DOC_STATUS,HEAD_COUNT,LEGAL,CUSTOMER_NAME,REGISTER_DATE,REGISTRATION_STATUS,USER_NAME,ATTRACTION_TYPE_ID,BUSINESS_SCALE_ID,ORGANIZATION_TYPE_ID,OWNERSHIP_TYPE_ID) values (1052,3213,'2312','3231',null,23131,0,'omid',to_timestamp('24-JAN-19 02.20.19.407000000 PM','DD-MON-RR HH.MI.SSXFF AM'),1,null,null,1,1,1);
Insert into MARKETING.CUSTOMERS (ID,ANNUAL_INCOME,ECONOMIC_CODE,ECONOMIC_SECTION,DOC_STATUS,HEAD_COUNT,LEGAL,CUSTOMER_NAME,REGISTER_DATE,REGISTRATION_STATUS,USER_NAME,ATTRACTION_TYPE_ID,BUSINESS_SCALE_ID,ORGANIZATION_TYPE_ID,OWNERSHIP_TYPE_ID) values (1053,2121,'122','1',null,212,0,'fdsfdsf',to_timestamp('24-JAN-19 02.28.36.864000000 PM','DD-MON-RR HH.MI.SSXFF AM'),1,null,null,1,1,1);
Insert into MARKETING.CUSTOMERS (ID,ANNUAL_INCOME,ECONOMIC_CODE,ECONOMIC_SECTION,DOC_STATUS,HEAD_COUNT,LEGAL,CUSTOMER_NAME,REGISTER_DATE,REGISTRATION_STATUS,USER_NAME,ATTRACTION_TYPE_ID,BUSINESS_SCALE_ID,ORGANIZATION_TYPE_ID,OWNERSHIP_TYPE_ID) values (1054,11,'111','11',null,11,0,'dfdsf',to_timestamp('24-JAN-19 02.33.10.056000000 PM','DD-MON-RR HH.MI.SSXFF AM'),1,null,null,1,1,1);
Insert into MARKETING.CUSTOMERS (ID,ANNUAL_INCOME,ECONOMIC_CODE,ECONOMIC_SECTION,DOC_STATUS,HEAD_COUNT,LEGAL,CUSTOMER_NAME,REGISTER_DATE,REGISTRATION_STATUS,USER_NAME,ATTRACTION_TYPE_ID,BUSINESS_SCALE_ID,ORGANIZATION_TYPE_ID,OWNERSHIP_TYPE_ID) values (1055,11,'11','111',null,11,0,'dfgfg',to_timestamp('24-JAN-19 02.34.42.165000000 PM','DD-MON-RR HH.MI.SSXFF AM'),1,null,null,1,1,1);
Insert into MARKETING.CUSTOMERS (ID,ANNUAL_INCOME,ECONOMIC_CODE,ECONOMIC_SECTION,DOC_STATUS,HEAD_COUNT,LEGAL,CUSTOMER_NAME,REGISTER_DATE,REGISTRATION_STATUS,USER_NAME,ATTRACTION_TYPE_ID,BUSINESS_SCALE_ID,ORGANIZATION_TYPE_ID,OWNERSHIP_TYPE_ID) values (1056,11,'111','111',null,111,0,'sdfdsf111',to_timestamp('24-JAN-19 02.35.59.857000000 PM','DD-MON-RR HH.MI.SSXFF AM'),1,null,null,1,1,1);
Insert into MARKETING.CUSTOMERS (ID,ANNUAL_INCOME,ECONOMIC_CODE,ECONOMIC_SECTION,DOC_STATUS,HEAD_COUNT,LEGAL,CUSTOMER_NAME,REGISTER_DATE,REGISTRATION_STATUS,USER_NAME,ATTRACTION_TYPE_ID,BUSINESS_SCALE_ID,ORGANIZATION_TYPE_ID,OWNERSHIP_TYPE_ID) values (1057,11,'11','1',null,11,0,'dsada',to_timestamp('24-JAN-19 02.42.52.203000000 PM','DD-MON-RR HH.MI.SSXFF AM'),1,null,null,1,1,1);
Insert into MARKETING.CUSTOMERS (ID,ANNUAL_INCOME,ECONOMIC_CODE,ECONOMIC_SECTION,DOC_STATUS,HEAD_COUNT,LEGAL,CUSTOMER_NAME,REGISTER_DATE,REGISTRATION_STATUS,USER_NAME,ATTRACTION_TYPE_ID,BUSINESS_SCALE_ID,ORGANIZATION_TYPE_ID,OWNERSHIP_TYPE_ID) values (1058,1111,'1111','1',null,11111,0,'omid',to_timestamp('24-JAN-19 03.19.33.233000000 PM','DD-MON-RR HH.MI.SSXFF AM'),1,null,null,1,1,1);
Insert into MARKETING.CUSTOMERS (ID,ANNUAL_INCOME,ECONOMIC_CODE,ECONOMIC_SECTION,DOC_STATUS,HEAD_COUNT,LEGAL,CUSTOMER_NAME,REGISTER_DATE,REGISTRATION_STATUS,USER_NAME,ATTRACTION_TYPE_ID,BUSINESS_SCALE_ID,ORGANIZATION_TYPE_ID,OWNERSHIP_TYPE_ID) values (1102,4324,'343','1',null,4324,0,'dsfs',to_timestamp('24-JAN-19 03.21.37.073000000 PM','DD-MON-RR HH.MI.SSXFF AM'),1,null,null,1,1,1);
Insert into MARKETING.CUSTOMERS (ID,ANNUAL_INCOME,ECONOMIC_CODE,ECONOMIC_SECTION,DOC_STATUS,HEAD_COUNT,LEGAL,CUSTOMER_NAME,REGISTER_DATE,REGISTRATION_STATUS,USER_NAME,ATTRACTION_TYPE_ID,BUSINESS_SCALE_ID,ORGANIZATION_TYPE_ID,OWNERSHIP_TYPE_ID) values (1103,2121,'12312','1111',null,2121,0,'omid',to_timestamp('24-JAN-19 03.24.14.915000000 PM','DD-MON-RR HH.MI.SSXFF AM'),1,null,null,1,1,1);
Insert into MARKETING.CUSTOMERS (ID,ANNUAL_INCOME,ECONOMIC_CODE,ECONOMIC_SECTION,DOC_STATUS,HEAD_COUNT,LEGAL,CUSTOMER_NAME,REGISTER_DATE,REGISTRATION_STATUS,USER_NAME,ATTRACTION_TYPE_ID,BUSINESS_SCALE_ID,ORGANIZATION_TYPE_ID,OWNERSHIP_TYPE_ID) values (1104,4234,'3442','111',null,23432,0,'fdsf',to_timestamp('24-JAN-19 03.26.32.817000000 PM','DD-MON-RR HH.MI.SSXFF AM'),1,null,null,1,1,1);
Insert into MARKETING.CUSTOMERS (ID,ANNUAL_INCOME,ECONOMIC_CODE,ECONOMIC_SECTION,DOC_STATUS,HEAD_COUNT,LEGAL,CUSTOMER_NAME,REGISTER_DATE,REGISTRATION_STATUS,USER_NAME,ATTRACTION_TYPE_ID,BUSINESS_SCALE_ID,ORGANIZATION_TYPE_ID,OWNERSHIP_TYPE_ID) values (1105,3123,'2313','1233',null,31231,0,'omid',to_timestamp('24-JAN-19 03.28.43.531000000 PM','DD-MON-RR HH.MI.SSXFF AM'),1,null,null,1,1,1);
Insert into MARKETING.CUSTOMERS (ID,ANNUAL_INCOME,ECONOMIC_CODE,ECONOMIC_SECTION,DOC_STATUS,HEAD_COUNT,LEGAL,CUSTOMER_NAME,REGISTER_DATE,REGISTRATION_STATUS,USER_NAME,ATTRACTION_TYPE_ID,BUSINESS_SCALE_ID,ORGANIZATION_TYPE_ID,OWNERSHIP_TYPE_ID) values (1106,4354,'45353','1212',null,54354,0,'dfdsf',to_timestamp('24-JAN-19 03.30.35.731000000 PM','DD-MON-RR HH.MI.SSXFF AM'),1,null,null,1,1,1);
Insert into MARKETING.CUSTOMERS (ID,ANNUAL_INCOME,ECONOMIC_CODE,ECONOMIC_SECTION,DOC_STATUS,HEAD_COUNT,LEGAL,CUSTOMER_NAME,REGISTER_DATE,REGISTRATION_STATUS,USER_NAME,ATTRACTION_TYPE_ID,BUSINESS_SCALE_ID,ORGANIZATION_TYPE_ID,OWNERSHIP_TYPE_ID) values (1107,4324,'34243','3213',null,43243,0,'dsfdsf',to_timestamp('24-JAN-19 03.32.15.321000000 PM','DD-MON-RR HH.MI.SSXFF AM'),1,null,null,1,1,1);
Insert into MARKETING.CUSTOMERS (ID,ANNUAL_INCOME,ECONOMIC_CODE,ECONOMIC_SECTION,DOC_STATUS,HEAD_COUNT,LEGAL,CUSTOMER_NAME,REGISTER_DATE,REGISTRATION_STATUS,USER_NAME,ATTRACTION_TYPE_ID,BUSINESS_SCALE_ID,ORGANIZATION_TYPE_ID,OWNERSHIP_TYPE_ID) values (1108,333,'3333','111',null,333,0,'omid',to_timestamp('24-JAN-19 03.36.31.402000000 PM','DD-MON-RR HH.MI.SSXFF AM'),1,null,null,1,1,1);
Insert into MARKETING.CUSTOMERS (ID,ANNUAL_INCOME,ECONOMIC_CODE,ECONOMIC_SECTION,DOC_STATUS,HEAD_COUNT,LEGAL,CUSTOMER_NAME,REGISTER_DATE,REGISTRATION_STATUS,USER_NAME,ATTRACTION_TYPE_ID,BUSINESS_SCALE_ID,ORGANIZATION_TYPE_ID,OWNERSHIP_TYPE_ID) values (1109,2121,'1212','1232',null,1221,0,'omid',to_timestamp('24-JAN-19 03.39.20.354000000 PM','DD-MON-RR HH.MI.SSXFF AM'),1,null,null,1,1,1);
Insert into MARKETING.CUSTOMERS (ID,ANNUAL_INCOME,ECONOMIC_CODE,ECONOMIC_SECTION,DOC_STATUS,HEAD_COUNT,LEGAL,CUSTOMER_NAME,REGISTER_DATE,REGISTRATION_STATUS,USER_NAME,ATTRACTION_TYPE_ID,BUSINESS_SCALE_ID,ORGANIZATION_TYPE_ID,OWNERSHIP_TYPE_ID) values (1110,1231,'12312','2321',null,12313,0,'omid1',to_timestamp('24-JAN-19 03.42.08.783000000 PM','DD-MON-RR HH.MI.SSXFF AM'),1,null,null,1,1,1);
Insert into MARKETING.CUSTOMERS (ID,ANNUAL_INCOME,ECONOMIC_CODE,ECONOMIC_SECTION,DOC_STATUS,HEAD_COUNT,LEGAL,CUSTOMER_NAME,REGISTER_DATE,REGISTRATION_STATUS,USER_NAME,ATTRACTION_TYPE_ID,BUSINESS_SCALE_ID,ORGANIZATION_TYPE_ID,OWNERSHIP_TYPE_ID) values (1111,212,'121','2321',null,2122,0,'omid1',to_timestamp('24-JAN-19 03.56.21.873000000 PM','DD-MON-RR HH.MI.SSXFF AM'),1,null,null,1,1,1);
Insert into MARKETING.CUSTOMERS (ID,ANNUAL_INCOME,ECONOMIC_CODE,ECONOMIC_SECTION,DOC_STATUS,HEAD_COUNT,LEGAL,CUSTOMER_NAME,REGISTER_DATE,REGISTRATION_STATUS,USER_NAME,ATTRACTION_TYPE_ID,BUSINESS_SCALE_ID,ORGANIZATION_TYPE_ID,OWNERSHIP_TYPE_ID) values (1112,4353,'43543','5435',null,5435,0,'gfdgdf',to_timestamp('24-JAN-19 03.57.15.457000000 PM','DD-MON-RR HH.MI.SSXFF AM'),1,null,null,1,1,1);
Insert into MARKETING.CUSTOMERS (ID,ANNUAL_INCOME,ECONOMIC_CODE,ECONOMIC_SECTION,DOC_STATUS,HEAD_COUNT,LEGAL,CUSTOMER_NAME,REGISTER_DATE,REGISTRATION_STATUS,USER_NAME,ATTRACTION_TYPE_ID,BUSINESS_SCALE_ID,ORGANIZATION_TYPE_ID,OWNERSHIP_TYPE_ID) values (1113,1111,'111','111',null,111,0,'omid',to_timestamp('24-JAN-19 03.58.26.692000000 PM','DD-MON-RR HH.MI.SSXFF AM'),1,null,null,1,1,1);
Insert into MARKETING.CUSTOMERS (ID,ANNUAL_INCOME,ECONOMIC_CODE,ECONOMIC_SECTION,DOC_STATUS,HEAD_COUNT,LEGAL,CUSTOMER_NAME,REGISTER_DATE,REGISTRATION_STATUS,USER_NAME,ATTRACTION_TYPE_ID,BUSINESS_SCALE_ID,ORGANIZATION_TYPE_ID,OWNERSHIP_TYPE_ID) values (1114,4324,'13412','1232',null,43243,0,'retrete',to_timestamp('24-JAN-19 03.59.27.669000000 PM','DD-MON-RR HH.MI.SSXFF AM'),1,null,null,1,1,1);
Insert into MARKETING.CUSTOMERS (ID,ANNUAL_INCOME,ECONOMIC_CODE,ECONOMIC_SECTION,DOC_STATUS,HEAD_COUNT,LEGAL,CUSTOMER_NAME,REGISTER_DATE,REGISTRATION_STATUS,USER_NAME,ATTRACTION_TYPE_ID,BUSINESS_SCALE_ID,ORGANIZATION_TYPE_ID,OWNERSHIP_TYPE_ID) values (1115,423,'4324','4324',null,423,0,'omid',to_timestamp('24-JAN-19 03.59.56.999000000 PM','DD-MON-RR HH.MI.SSXFF AM'),1,null,null,1,1,1);
Insert into MARKETING.CUSTOMERS (ID,ANNUAL_INCOME,ECONOMIC_CODE,ECONOMIC_SECTION,DOC_STATUS,HEAD_COUNT,LEGAL,CUSTOMER_NAME,REGISTER_DATE,REGISTRATION_STATUS,USER_NAME,ATTRACTION_TYPE_ID,BUSINESS_SCALE_ID,ORGANIZATION_TYPE_ID,OWNERSHIP_TYPE_ID) values (1116,4324,'334','4324',null,42342,0,'omid',to_timestamp('24-JAN-19 04.00.10.106000000 PM','DD-MON-RR HH.MI.SSXFF AM'),1,null,null,1,1,1);
Insert into MARKETING.CUSTOMERS (ID,ANNUAL_INCOME,ECONOMIC_CODE,ECONOMIC_SECTION,DOC_STATUS,HEAD_COUNT,LEGAL,CUSTOMER_NAME,REGISTER_DATE,REGISTRATION_STATUS,USER_NAME,ATTRACTION_TYPE_ID,BUSINESS_SCALE_ID,ORGANIZATION_TYPE_ID,OWNERSHIP_TYPE_ID) values (1117,432,'43','4324',null,4324,0,'fdsfds',to_timestamp('24-JAN-19 04.00.29.409000000 PM','DD-MON-RR HH.MI.SSXFF AM'),1,null,null,1,1,1);
Insert into MARKETING.CUSTOMERS (ID,ANNUAL_INCOME,ECONOMIC_CODE,ECONOMIC_SECTION,DOC_STATUS,HEAD_COUNT,LEGAL,CUSTOMER_NAME,REGISTER_DATE,REGISTRATION_STATUS,USER_NAME,ATTRACTION_TYPE_ID,BUSINESS_SCALE_ID,ORGANIZATION_TYPE_ID,OWNERSHIP_TYPE_ID) values (1118,423,'4324','324',null,423,0,'dadad',to_timestamp('24-JAN-19 04.03.12.977000000 PM','DD-MON-RR HH.MI.SSXFF AM'),1,null,null,1,1,1);
Insert into MARKETING.CUSTOMERS (ID,ANNUAL_INCOME,ECONOMIC_CODE,ECONOMIC_SECTION,DOC_STATUS,HEAD_COUNT,LEGAL,CUSTOMER_NAME,REGISTER_DATE,REGISTRATION_STATUS,USER_NAME,ATTRACTION_TYPE_ID,BUSINESS_SCALE_ID,ORGANIZATION_TYPE_ID,OWNERSHIP_TYPE_ID) values (1119,1000,'111','111',null,111,0,'omid',to_timestamp('24-JAN-19 04.21.32.519000000 PM','DD-MON-RR HH.MI.SSXFF AM'),1,null,null,1,1,1);
Insert into MARKETING.CUSTOMERS (ID,ANNUAL_INCOME,ECONOMIC_CODE,ECONOMIC_SECTION,DOC_STATUS,HEAD_COUNT,LEGAL,CUSTOMER_NAME,REGISTER_DATE,REGISTRATION_STATUS,USER_NAME,ATTRACTION_TYPE_ID,BUSINESS_SCALE_ID,ORGANIZATION_TYPE_ID,OWNERSHIP_TYPE_ID) values (1120,2132,'12321','1212',null,31231,0,'omid',to_timestamp('24-JAN-19 04.22.21.658000000 PM','DD-MON-RR HH.MI.SSXFF AM'),1,null,null,1,1,1);
Insert into MARKETING.CUSTOMERS (ID,ANNUAL_INCOME,ECONOMIC_CODE,ECONOMIC_SECTION,DOC_STATUS,HEAD_COUNT,LEGAL,CUSTOMER_NAME,REGISTER_DATE,REGISTRATION_STATUS,USER_NAME,ATTRACTION_TYPE_ID,BUSINESS_SCALE_ID,ORGANIZATION_TYPE_ID,OWNERSHIP_TYPE_ID) values (1121,1500000,'36598653265','1000',null,10000,0,null,to_timestamp('24-JAN-19 04.45.58.809000000 PM','DD-MON-RR HH.MI.SSXFF AM'),1,null,null,1,1,1);
Insert into MARKETING.CUSTOMERS (ID,ANNUAL_INCOME,ECONOMIC_CODE,ECONOMIC_SECTION,DOC_STATUS,HEAD_COUNT,LEGAL,CUSTOMER_NAME,REGISTER_DATE,REGISTRATION_STATUS,USER_NAME,ATTRACTION_TYPE_ID,BUSINESS_SCALE_ID,ORGANIZATION_TYPE_ID,OWNERSHIP_TYPE_ID) values (1122,null,null,null,null,null,0,null,to_timestamp('24-JAN-19 04.49.27.901000000 PM','DD-MON-RR HH.MI.SSXFF AM'),0,null,null,1,null,null);
Insert into MARKETING.CUSTOMERS (ID,ANNUAL_INCOME,ECONOMIC_CODE,ECONOMIC_SECTION,DOC_STATUS,HEAD_COUNT,LEGAL,CUSTOMER_NAME,REGISTER_DATE,REGISTRATION_STATUS,USER_NAME,ATTRACTION_TYPE_ID,BUSINESS_SCALE_ID,ORGANIZATION_TYPE_ID,OWNERSHIP_TYPE_ID) values (1123,null,null,null,null,null,0,null,to_timestamp('24-JAN-19 04.49.30.542000000 PM','DD-MON-RR HH.MI.SSXFF AM'),0,null,null,1,null,null);
REM INSERTING into MARKETING.CUSTOMERS_ADDRESSES
SET DEFINE OFF;
Insert into MARKETING.CUSTOMERS_ADDRESSES (ID,CUSTOMER_ADDRESS,LATITUDE,LONGITUDE,CUSTOMER_ID) values (1,'skjdhfksflsjflsjlsjfs','2342342','345345345',1);
Insert into MARKETING.CUSTOMERS_ADDRESSES (ID,CUSTOMER_ADDRESS,LATITUDE,LONGITUDE,CUSTOMER_ID) values (2,null,'35.6996','51.338',2);
Insert into MARKETING.CUSTOMERS_ADDRESSES (ID,CUSTOMER_ADDRESS,LATITUDE,LONGITUDE,CUSTOMER_ID) values (3,null,'35.6996','51.338',3);
Insert into MARKETING.CUSTOMERS_ADDRESSES (ID,CUSTOMER_ADDRESS,LATITUDE,LONGITUDE,CUSTOMER_ID) values (4,null,'35.6996','51.3379',4);
Insert into MARKETING.CUSTOMERS_ADDRESSES (ID,CUSTOMER_ADDRESS,LATITUDE,LONGITUDE,CUSTOMER_ID) values (5,null,'35.6996','51.338',5);
Insert into MARKETING.CUSTOMERS_ADDRESSES (ID,CUSTOMER_ADDRESS,LATITUDE,LONGITUDE,CUSTOMER_ID) values (6,null,'35.6996','51.338',6);
Insert into MARKETING.CUSTOMERS_ADDRESSES (ID,CUSTOMER_ADDRESS,LATITUDE,LONGITUDE,CUSTOMER_ID) values (7,null,'35.6996','51.338',7);
Insert into MARKETING.CUSTOMERS_ADDRESSES (ID,CUSTOMER_ADDRESS,LATITUDE,LONGITUDE,CUSTOMER_ID) values (8,null,'35.6996','51.338',8);
Insert into MARKETING.CUSTOMERS_ADDRESSES (ID,CUSTOMER_ADDRESS,LATITUDE,LONGITUDE,CUSTOMER_ID) values (9,null,'35.6996','51.338',9);
Insert into MARKETING.CUSTOMERS_ADDRESSES (ID,CUSTOMER_ADDRESS,LATITUDE,LONGITUDE,CUSTOMER_ID) values (10,null,'35.6996','51.338',10);
Insert into MARKETING.CUSTOMERS_ADDRESSES (ID,CUSTOMER_ADDRESS,LATITUDE,LONGITUDE,CUSTOMER_ID) values (11,null,'35.6995','51.338',11);
Insert into MARKETING.CUSTOMERS_ADDRESSES (ID,CUSTOMER_ADDRESS,LATITUDE,LONGITUDE,CUSTOMER_ID) values (952,'skjdhfksflsjflsjlsjfs','2342342','345345345',952);
Insert into MARKETING.CUSTOMERS_ADDRESSES (ID,CUSTOMER_ADDRESS,LATITUDE,LONGITUDE,CUSTOMER_ID) values (953,null,'35.6995','51.338',953);
Insert into MARKETING.CUSTOMERS_ADDRESSES (ID,CUSTOMER_ADDRESS,LATITUDE,LONGITUDE,CUSTOMER_ID) values (954,null,'35.6995','51.338',954);
Insert into MARKETING.CUSTOMERS_ADDRESSES (ID,CUSTOMER_ADDRESS,LATITUDE,LONGITUDE,CUSTOMER_ID) values (955,null,'35.6996','51.338',955);
Insert into MARKETING.CUSTOMERS_ADDRESSES (ID,CUSTOMER_ADDRESS,LATITUDE,LONGITUDE,CUSTOMER_ID) values (956,null,'35.6996','51.3381',956);
Insert into MARKETING.CUSTOMERS_ADDRESSES (ID,CUSTOMER_ADDRESS,LATITUDE,LONGITUDE,CUSTOMER_ID) values (957,null,'35.6995','51.338',957);
Insert into MARKETING.CUSTOMERS_ADDRESSES (ID,CUSTOMER_ADDRESS,LATITUDE,LONGITUDE,CUSTOMER_ID) values (1002,'asdasda','2asd','asdasdad',1002);
Insert into MARKETING.CUSTOMERS_ADDRESSES (ID,CUSTOMER_ADDRESS,LATITUDE,LONGITUDE,CUSTOMER_ID) values (1003,null,'35.6994','51.338',1003);
Insert into MARKETING.CUSTOMERS_ADDRESSES (ID,CUSTOMER_ADDRESS,LATITUDE,LONGITUDE,CUSTOMER_ID) values (1004,null,'35.6995','51.338',1004);
Insert into MARKETING.CUSTOMERS_ADDRESSES (ID,CUSTOMER_ADDRESS,LATITUDE,LONGITUDE,CUSTOMER_ID) values (1005,null,'35.6996','51.338',1005);
Insert into MARKETING.CUSTOMERS_ADDRESSES (ID,CUSTOMER_ADDRESS,LATITUDE,LONGITUDE,CUSTOMER_ID) values (1006,null,'35.6996','51.338',1006);
Insert into MARKETING.CUSTOMERS_ADDRESSES (ID,CUSTOMER_ADDRESS,LATITUDE,LONGITUDE,CUSTOMER_ID) values (1007,null,'35.6995','51.338',1007);
Insert into MARKETING.CUSTOMERS_ADDRESSES (ID,CUSTOMER_ADDRESS,LATITUDE,LONGITUDE,CUSTOMER_ID) values (1008,null,'35.6996','51.338',1008);
Insert into MARKETING.CUSTOMERS_ADDRESSES (ID,CUSTOMER_ADDRESS,LATITUDE,LONGITUDE,CUSTOMER_ID) values (1009,null,'35.6996','51.338',1009);
Insert into MARKETING.CUSTOMERS_ADDRESSES (ID,CUSTOMER_ADDRESS,LATITUDE,LONGITUDE,CUSTOMER_ID) values (1010,null,'35.6995','51.338',1010);
Insert into MARKETING.CUSTOMERS_ADDRESSES (ID,CUSTOMER_ADDRESS,LATITUDE,LONGITUDE,CUSTOMER_ID) values (1011,null,'35.6995','51.3381',1011);
Insert into MARKETING.CUSTOMERS_ADDRESSES (ID,CUSTOMER_ADDRESS,LATITUDE,LONGITUDE,CUSTOMER_ID) values (1012,null,'35.6995','51.338',1012);
Insert into MARKETING.CUSTOMERS_ADDRESSES (ID,CUSTOMER_ADDRESS,LATITUDE,LONGITUDE,CUSTOMER_ID) values (1013,null,'35.6996','51.338',1013);
Insert into MARKETING.CUSTOMERS_ADDRESSES (ID,CUSTOMER_ADDRESS,LATITUDE,LONGITUDE,CUSTOMER_ID) values (1014,null,'35.6995','51.338',1014);
Insert into MARKETING.CUSTOMERS_ADDRESSES (ID,CUSTOMER_ADDRESS,LATITUDE,LONGITUDE,CUSTOMER_ID) values (1015,null,'35.6996','51.338',1015);
Insert into MARKETING.CUSTOMERS_ADDRESSES (ID,CUSTOMER_ADDRESS,LATITUDE,LONGITUDE,CUSTOMER_ID) values (1016,null,'35.6995','51.338',1016);
Insert into MARKETING.CUSTOMERS_ADDRESSES (ID,CUSTOMER_ADDRESS,LATITUDE,LONGITUDE,CUSTOMER_ID) values (1017,null,'35.6996','51.338',1017);
Insert into MARKETING.CUSTOMERS_ADDRESSES (ID,CUSTOMER_ADDRESS,LATITUDE,LONGITUDE,CUSTOMER_ID) values (1018,null,'35.6996','51.338',1018);
Insert into MARKETING.CUSTOMERS_ADDRESSES (ID,CUSTOMER_ADDRESS,LATITUDE,LONGITUDE,CUSTOMER_ID) values (1019,null,'35.6995','51.338',1019);
Insert into MARKETING.CUSTOMERS_ADDRESSES (ID,CUSTOMER_ADDRESS,LATITUDE,LONGITUDE,CUSTOMER_ID) values (1020,null,'35.6995','51.338',1020);
Insert into MARKETING.CUSTOMERS_ADDRESSES (ID,CUSTOMER_ADDRESS,LATITUDE,LONGITUDE,CUSTOMER_ID) values (1021,null,'35.6995','51.3381',1021);
Insert into MARKETING.CUSTOMERS_ADDRESSES (ID,CUSTOMER_ADDRESS,LATITUDE,LONGITUDE,CUSTOMER_ID) values (1022,null,'35.6996','51.338',1022);
Insert into MARKETING.CUSTOMERS_ADDRESSES (ID,CUSTOMER_ADDRESS,LATITUDE,LONGITUDE,CUSTOMER_ID) values (1023,null,'35.6996','51.3379',1023);
Insert into MARKETING.CUSTOMERS_ADDRESSES (ID,CUSTOMER_ADDRESS,LATITUDE,LONGITUDE,CUSTOMER_ID) values (1024,null,'35.6995','51.338',1024);
Insert into MARKETING.CUSTOMERS_ADDRESSES (ID,CUSTOMER_ADDRESS,LATITUDE,LONGITUDE,CUSTOMER_ID) values (1052,null,'35.6996','51.338',1052);
Insert into MARKETING.CUSTOMERS_ADDRESSES (ID,CUSTOMER_ADDRESS,LATITUDE,LONGITUDE,CUSTOMER_ID) values (1053,null,'35.6996','51.338',1053);
Insert into MARKETING.CUSTOMERS_ADDRESSES (ID,CUSTOMER_ADDRESS,LATITUDE,LONGITUDE,CUSTOMER_ID) values (1054,null,'35.6996','51.338',1054);
Insert into MARKETING.CUSTOMERS_ADDRESSES (ID,CUSTOMER_ADDRESS,LATITUDE,LONGITUDE,CUSTOMER_ID) values (1055,null,'35.6995','51.3379',1055);
Insert into MARKETING.CUSTOMERS_ADDRESSES (ID,CUSTOMER_ADDRESS,LATITUDE,LONGITUDE,CUSTOMER_ID) values (1056,null,'35.6995','51.338',1056);
Insert into MARKETING.CUSTOMERS_ADDRESSES (ID,CUSTOMER_ADDRESS,LATITUDE,LONGITUDE,CUSTOMER_ID) values (1057,null,'35.6996','51.338',1057);
Insert into MARKETING.CUSTOMERS_ADDRESSES (ID,CUSTOMER_ADDRESS,LATITUDE,LONGITUDE,CUSTOMER_ID) values (1058,null,'35.6995','51.338',1058);
Insert into MARKETING.CUSTOMERS_ADDRESSES (ID,CUSTOMER_ADDRESS,LATITUDE,LONGITUDE,CUSTOMER_ID) values (1102,null,'35.6995','51.338',1102);
Insert into MARKETING.CUSTOMERS_ADDRESSES (ID,CUSTOMER_ADDRESS,LATITUDE,LONGITUDE,CUSTOMER_ID) values (1103,null,'35.6995','51.3379',1103);
Insert into MARKETING.CUSTOMERS_ADDRESSES (ID,CUSTOMER_ADDRESS,LATITUDE,LONGITUDE,CUSTOMER_ID) values (1104,null,'35.6995','51.338',1104);
Insert into MARKETING.CUSTOMERS_ADDRESSES (ID,CUSTOMER_ADDRESS,LATITUDE,LONGITUDE,CUSTOMER_ID) values (1105,null,'35.6995','51.338',1105);
Insert into MARKETING.CUSTOMERS_ADDRESSES (ID,CUSTOMER_ADDRESS,LATITUDE,LONGITUDE,CUSTOMER_ID) values (1106,null,'35.6995','51.338',1106);
Insert into MARKETING.CUSTOMERS_ADDRESSES (ID,CUSTOMER_ADDRESS,LATITUDE,LONGITUDE,CUSTOMER_ID) values (1107,null,'35.6996','51.338',1107);
Insert into MARKETING.CUSTOMERS_ADDRESSES (ID,CUSTOMER_ADDRESS,LATITUDE,LONGITUDE,CUSTOMER_ID) values (1108,null,'35.6995','51.3379',1108);
Insert into MARKETING.CUSTOMERS_ADDRESSES (ID,CUSTOMER_ADDRESS,LATITUDE,LONGITUDE,CUSTOMER_ID) values (1109,null,'35.6995','51.338',1109);
Insert into MARKETING.CUSTOMERS_ADDRESSES (ID,CUSTOMER_ADDRESS,LATITUDE,LONGITUDE,CUSTOMER_ID) values (1110,null,'35.6995','51.338',1110);
Insert into MARKETING.CUSTOMERS_ADDRESSES (ID,CUSTOMER_ADDRESS,LATITUDE,LONGITUDE,CUSTOMER_ID) values (1111,null,'35.6995','51.338',1111);
Insert into MARKETING.CUSTOMERS_ADDRESSES (ID,CUSTOMER_ADDRESS,LATITUDE,LONGITUDE,CUSTOMER_ID) values (1112,null,'35.6996','51.338',1112);
Insert into MARKETING.CUSTOMERS_ADDRESSES (ID,CUSTOMER_ADDRESS,LATITUDE,LONGITUDE,CUSTOMER_ID) values (1113,null,'35.6995','51.338',1113);
Insert into MARKETING.CUSTOMERS_ADDRESSES (ID,CUSTOMER_ADDRESS,LATITUDE,LONGITUDE,CUSTOMER_ID) values (1114,null,'35.6995','51.338',1114);
Insert into MARKETING.CUSTOMERS_ADDRESSES (ID,CUSTOMER_ADDRESS,LATITUDE,LONGITUDE,CUSTOMER_ID) values (1115,null,'35.6996','51.3379',1115);
Insert into MARKETING.CUSTOMERS_ADDRESSES (ID,CUSTOMER_ADDRESS,LATITUDE,LONGITUDE,CUSTOMER_ID) values (1116,null,'35.6996','51.3379',1116);
Insert into MARKETING.CUSTOMERS_ADDRESSES (ID,CUSTOMER_ADDRESS,LATITUDE,LONGITUDE,CUSTOMER_ID) values (1117,null,'35.6996','51.338',1117);
Insert into MARKETING.CUSTOMERS_ADDRESSES (ID,CUSTOMER_ADDRESS,LATITUDE,LONGITUDE,CUSTOMER_ID) values (1118,null,'35.6995','51.338',1118);
Insert into MARKETING.CUSTOMERS_ADDRESSES (ID,CUSTOMER_ADDRESS,LATITUDE,LONGITUDE,CUSTOMER_ID) values (1119,null,'35.6995','51.338',1119);
Insert into MARKETING.CUSTOMERS_ADDRESSES (ID,CUSTOMER_ADDRESS,LATITUDE,LONGITUDE,CUSTOMER_ID) values (1120,null,'35.6995','51.338',1120);
Insert into MARKETING.CUSTOMERS_ADDRESSES (ID,CUSTOMER_ADDRESS,LATITUDE,LONGITUDE,CUSTOMER_ID) values (1121,null,'35.6996','51.3381',1121);
Insert into MARKETING.CUSTOMERS_ADDRESSES (ID,CUSTOMER_ADDRESS,LATITUDE,LONGITUDE,CUSTOMER_ID) values (1122,null,'35.6995','51.3381',1122);
Insert into MARKETING.CUSTOMERS_ADDRESSES (ID,CUSTOMER_ADDRESS,LATITUDE,LONGITUDE,CUSTOMER_ID) values (1123,null,'35.6995','51.3381',1123);
REM INSERTING into MARKETING.CUSTOMERS_DOCS
SET DEFINE OFF;
REM INSERTING into MARKETING.DOCUMENT_TYPES
SET DEFINE OFF;
Insert into MARKETING.DOCUMENT_TYPES (ID,TYPE_NAME) values (1,'doc type 1');
Insert into MARKETING.DOCUMENT_TYPES (ID,TYPE_NAME) values (2,'doc type 2');
REM INSERTING into MARKETING.MEETINGS
SET DEFINE OFF;
REM INSERTING into MARKETING.MEETINGS_CONTACTS_INFO
SET DEFINE OFF;
REM INSERTING into MARKETING.MEETINGS_PERSONNELS
SET DEFINE OFF;
REM INSERTING into MARKETING.MEETINGS_RESULTS
SET DEFINE OFF;
REM INSERTING into MARKETING.ORGANIZATION_TYPES
SET DEFINE OFF;
Insert into MARKETING.ORGANIZATION_TYPES (ID,TYPE_NAME) values (1,'سهامی عام');
Insert into MARKETING.ORGANIZATION_TYPES (ID,TYPE_NAME) values (2,'سهامی خاص');
Insert into MARKETING.ORGANIZATION_TYPES (ID,TYPE_NAME) values (3,'نهاد دولتی');
Insert into MARKETING.ORGANIZATION_TYPES (ID,TYPE_NAME) values (4,'موسسه غیر دولتی');
REM INSERTING into MARKETING.ORGANS
SET DEFINE OFF;
Insert into MARKETING.ORGANS (ID,ORGAN_LEVEL,ORGAN_NAME,ORGAN_ORDER,PARENT_ID) values (1,0,'شعب تهران',0,null);
Insert into MARKETING.ORGANS (ID,ORGAN_LEVEL,ORGAN_NAME,ORGAN_ORDER,PARENT_ID) values (2,0,'شعب غرب',0,1);
Insert into MARKETING.ORGANS (ID,ORGAN_LEVEL,ORGAN_NAME,ORGAN_ORDER,PARENT_ID) values (3,0,'شعب شرق',0,1);
REM INSERTING into MARKETING.OWNERSHIP_TYPES
SET DEFINE OFF;
Insert into MARKETING.OWNERSHIP_TYPES (ID,TYPE_NAME) values (1,'مالک');
Insert into MARKETING.OWNERSHIP_TYPES (ID,TYPE_NAME) values (2,'مستاجر');
REM INSERTING into MARKETING.PERSONNELS
SET DEFINE OFF;
Insert into MARKETING.PERSONNELS (ID,PERSONNEL_NAME,REGISTER_DATE,USER_NAME,ORGAN_ID) values (1,'koorosh',to_timestamp('24-JAN-19 03.27.51.293000000 PM','DD-MON-RR HH.MI.SSXFF AM'),'koorosh01',1);
Insert into MARKETING.PERSONNELS (ID,PERSONNEL_NAME,REGISTER_DATE,USER_NAME,ORGAN_ID) values (3,'hamid',to_timestamp('16-JAN-19 03.44.56.869000000 PM','DD-MON-RR HH.MI.SSXFF AM'),'hamid',1);
Insert into MARKETING.PERSONNELS (ID,PERSONNEL_NAME,REGISTER_DATE,USER_NAME,ORGAN_ID) values (2,'omid',to_timestamp('31-JAN-19 03.44.39.979000000 PM','DD-MON-RR HH.MI.SSXFF AM'),'omid',1);
Insert into MARKETING.PERSONNELS (ID,PERSONNEL_NAME,REGISTER_DATE,USER_NAME,ORGAN_ID) values (4,'saeid',null,'saeid',1);
REM INSERTING into MARKETING.REQUIREMENT_STATUS_TYPES
SET DEFINE OFF;
Insert into MARKETING.REQUIREMENT_STATUS_TYPES (ID,TYPE_NAME,TYPE_CODE) values (1,'تعریف نیاز','RS1');
Insert into MARKETING.REQUIREMENT_STATUS_TYPES (ID,TYPE_NAME,TYPE_CODE) values (2,'در حال تصویب','RS2');
Insert into MARKETING.REQUIREMENT_STATUS_TYPES (ID,TYPE_NAME,TYPE_CODE) values (3,'امضا','RS3');
REM INSERTING into MARKETING.REQUIREMENT_STATUSES
SET DEFINE OFF;
Insert into MARKETING.REQUIREMENT_STATUSES (ID,REGISTER_DATE,REQUIREMENT_STATUS_TYPE_ID,REQUIREMENT_ID) values (1,to_timestamp('24-JAN-19 11.39.02.933000000 AM','DD-MON-RR HH.MI.SSXFF AM'),1,1);
Insert into MARKETING.REQUIREMENT_STATUSES (ID,REGISTER_DATE,REQUIREMENT_STATUS_TYPE_ID,REQUIREMENT_ID) values (2,to_timestamp('24-JAN-19 02.26.55.784000000 PM','DD-MON-RR HH.MI.SSXFF AM'),2,1);
Insert into MARKETING.REQUIREMENT_STATUSES (ID,REGISTER_DATE,REQUIREMENT_STATUS_TYPE_ID,REQUIREMENT_ID) values (3,to_timestamp('26-OCT-19 02.27.07.880000000 PM','DD-MON-RR HH.MI.SSXFF AM'),3,1);
REM INSERTING into MARKETING.REQUIREMENTS
SET DEFINE OFF;
Insert into MARKETING.REQUIREMENTS (ID,DESCRIPTION,ESTIMATED_VALUE,ESTIMATED_VALUE_EDIT_DATE,ESTIMATED_VALUE_REGISTER_DATE,REAL_VALUE,REAL_VALUE_EDIT_DATE,REAL_VALUE_REGISTER_DATE,CUSTOMER_ID,SERVICE_ID,TARGET_MEMBER_ID) values (1,'asdasdasdasdasdas',123,null,to_timestamp('24-JAN-19 11.39.02.933000000 AM','DD-MON-RR HH.MI.SSXFF AM'),125,null,null,952,null,1);
REM INSERTING into MARKETING.SERVICES
SET DEFINE OFF;
Insert into MARKETING.SERVICES (ID,SERVICE_NAME,PARENT_ID) values (1,'قرض الحسنه',null);
Insert into MARKETING.SERVICES (ID,SERVICE_NAME,PARENT_ID) values (2,'تسهیلات مضاربه',null);
REM INSERTING into MARKETING.TARGETS
SET DEFINE OFF;
Insert into MARKETING.TARGETS (ID,DUE_DATE,TARGET_NAME,REGISTER_DATE,TARGET_VALUE,ORGAN_ID,SERVICE_ID,VALUE_TYPE_ID,DAYS_COUNT) values (1,to_timestamp('31-DEC-19 03.22.23.546000000 PM','DD-MON-RR HH.MI.SSXFF AM'),'جذب سرمایه',to_timestamp('23-JAN-19 03.23.19.537000000 PM','DD-MON-RR HH.MI.SSXFF AM'),5000000000,2,1,1,186);
Insert into MARKETING.TARGETS (ID,DUE_DATE,TARGET_NAME,REGISTER_DATE,TARGET_VALUE,ORGAN_ID,SERVICE_ID,VALUE_TYPE_ID,DAYS_COUNT) values (2,to_timestamp('26-DEC-19 03.41.35.490000000 PM','DD-MON-RR HH.MI.SSXFF AM'),'اعطای تسهیلات مضاربه',to_timestamp('23-JAN-19 03.42.11.674000000 PM','DD-MON-RR HH.MI.SSXFF AM'),10000000,2,2,1,58);
REM INSERTING into MARKETING.TARGETS_MEMBERS
SET DEFINE OFF;
Insert into MARKETING.TARGETS_MEMBERS (ID,TARGET_MEMBER_VALUE,DUE_DATE,TARGET_MEMBER_NAME,REGISTER_DATE,MEMBER_ID,TARGET_ID,VALUE_TYPE_ID,TEAM_MEMBER_ID) values (1,3500000000,to_timestamp('28-DEC-19 03.26.51.064000000 PM','DD-MON-RR HH.MI.SSXFF AM'),null,to_timestamp('23-JAN-19 03.27.17.701000000 PM','DD-MON-RR HH.MI.SSXFF AM'),1,1,1,2);
Insert into MARKETING.TARGETS_MEMBERS (ID,TARGET_MEMBER_VALUE,DUE_DATE,TARGET_MEMBER_NAME,REGISTER_DATE,MEMBER_ID,TARGET_ID,VALUE_TYPE_ID,TEAM_MEMBER_ID) values (2,7000000,to_timestamp('18-OCT-19 03.43.12.425000000 PM','DD-MON-RR HH.MI.SSXFF AM'),null,to_timestamp('23-JAN-19 03.43.25.722000000 PM','DD-MON-RR HH.MI.SSXFF AM'),1,2,1,2);
REM INSERTING into MARKETING.TEAMS
SET DEFINE OFF;
Insert into MARKETING.TEAMS (ID,TEAM_NAME,REGISTER_DATE,ORGAN_ID) values (1,'بازاریابی خارج شعبه',to_timestamp('23-JAN-19 03.19.33.401000000 PM','DD-MON-RR HH.MI.SSXFF AM'),2);
REM INSERTING into MARKETING.TEAMS_MEMBERS
SET DEFINE OFF;
Insert into MARKETING.TEAMS_MEMBERS (ID,MEMBERSHIP_DATE,MEMBERSHIP_STATUS,PERSONNEL_ID,TEAM_ID) values (1,to_timestamp('24-JAN-19 03.46.41.139000000 PM','DD-MON-RR HH.MI.SSXFF AM'),1,1,1);
Insert into MARKETING.TEAMS_MEMBERS (ID,MEMBERSHIP_DATE,MEMBERSHIP_STATUS,PERSONNEL_ID,TEAM_ID) values (2,to_timestamp('24-JAN-19 03.46.41.139000000 PM','DD-MON-RR HH.MI.SSXFF AM'),1,2,1);
REM INSERTING into MARKETING.VALUE_TYPES
SET DEFINE OFF;
Insert into MARKETING.VALUE_TYPES (ID,TYPE_NAME) values (1,'روز');
Insert into MARKETING.VALUE_TYPES (ID,TYPE_NAME) values (2,'ماه');
Insert into MARKETING.VALUE_TYPES (ID,TYPE_NAME) values (3,'سال');
